epoch,step,train_loss_step,val_loss_step
0,49,0.5505611896514893,
0,99,0.13069096207618713,
0,149,0.13658715784549713,
0,199,0.1227480098605156,
0,249,0.0808727815747261,
0,299,0.16595248878002167,
0,349,0.05704008787870407,
0,399,0.10282159596681595,
0,449,0.07964479178190231,
0,499,0.08117629587650299,
0,549,0.0883275642991066,
0,599,0.07603253424167633,
0,649,0.15496523678302765,
0,699,0.07980349659919739,
0,749,0.14388173818588257,
0,799,0.05119900032877922,
0,849,0.09324952214956284,
0,899,0.06376691907644272,
0,949,0.04703463613986969,
0,999,0.07251589745283127,
,0,,0.19098898768424988
,1,,0.2126512974500656
,2,,0.18476365506649017
,3,,0.17722289264202118
,4,,0.15993541479110718
,5,,0.16956385970115662
,6,,0.30932462215423584
,7,,0.21150730550289154
,8,,0.19250071048736572
,9,,0.1871964931488037
,10,,0.19476543366909027
,11,,0.20881865918636322
,12,,0.17128749191761017
,13,,0.18440482020378113
,14,,0.1986515372991562
,15,,0.1641259491443634
,16,,0.16238875687122345
,17,,0.15679970383644104
,18,,0.15858186781406403
,19,,0.15873754024505615
,20,,0.205837219953537
,21,,0.16468754410743713
,22,,0.21370890736579895
,23,,0.1916281133890152
,24,,0.15861085057258606
,25,,0.1546219140291214
,26,,0.15328635275363922
,27,,0.15875329077243805
,28,,0.2033046931028366
,29,,0.16049253940582275
,30,,0.1952158361673355
,31,,0.21656234562397003
,32,,0.16093461215496063
,33,,0.18653272092342377
,34,,0.1881771981716156
,35,,0.1576937735080719
,36,,0.17924588918685913
,37,,0.22204044461250305
,38,,0.18072764575481415
,39,,0.2233031541109085
,40,,0.1658654361963272
,41,,0.183261439204216
,42,,0.16324453055858612
,43,,0.16097168624401093
,44,,0.15878543257713318
,45,,0.19719065725803375
,46,,0.1542331427335739
,47,,0.2878638803958893
,48,,0.1568397432565689
,49,,0.1607062667608261
,50,,0.20416663587093353
,51,,0.16912347078323364
,52,,0.16541294753551483
,53,,0.20185205340385437
,54,,0.15970659255981445
,55,,0.16072353720664978
,56,,0.16696469485759735
,57,,0.18332324922084808
,58,,0.3083762526512146
,59,,0.19076919555664062
,60,,0.15788434445858002
,61,,0.22441524267196655
,62,,0.16425716876983643
,63,,0.15789157152175903
,64,,0.1870732605457306
,65,,0.3083024322986603
,66,,0.21664002537727356
,67,,0.16290883719921112
,68,,0.16184811294078827
,69,,0.18629105389118195
,70,,0.15854963660240173
,71,,0.15808719396591187
,72,,0.22531498968601227
,73,,0.15940451622009277
,74,,0.1568322777748108
,75,,0.1630670130252838
,76,,0.16124281287193298
,77,,0.20408983528614044
,78,,0.1580284684896469
,79,,0.18024946749210358
,80,,0.19706325232982635
,81,,0.30622610449790955
,82,,0.20227013528347015
,83,,0.18463097512722015
,84,,0.1545208841562271
,85,,0.1818573772907257
,86,,0.29799196124076843
,87,,0.16980785131454468
,88,,0.15961124002933502
,89,,0.20265431702136993
,90,,0.186756432056427
,91,,0.1586398184299469
,92,,0.19028598070144653
,93,,0.20456749200820923
,94,,0.15788820385932922
,95,,0.16553731262683868
,96,,0.19629161059856415
,97,,0.1996566355228424
,98,,0.16261398792266846
,99,,0.19603192806243896
,100,,0.1856127828359604
,101,,0.15718026459217072
,102,,0.2952750027179718
,103,,0.20849081873893738
,104,,0.159413680434227
,105,,0.15210357308387756
,106,,0.16194328665733337
,107,,0.19715912640094757
,108,,0.23124869167804718
,109,,0.18325158953666687
,110,,0.19062720239162445
,111,,0.18825671076774597
,112,,0.1994664967060089
,113,,0.1854858100414276
,114,,0.18016164004802704
,115,,0.16284991800785065
,116,,0.16286294162273407
,117,,0.1802530735731125
,118,,0.1549883931875229
,119,,0.19113789498806
,120,,0.17514316737651825
,121,,0.16420648992061615
,122,,0.15868401527404785
,123,,0.18351194262504578
,124,,0.16556483507156372
,125,,0.2006698101758957
,126,,0.16371174156665802
,127,,0.16443604230880737
,128,,0.18781892955303192
,129,,0.20682719349861145
,130,,0.16313381493091583
,131,,0.15621083974838257
,132,,0.20769089460372925
,133,,0.1806955337524414
,134,,0.18949434161186218
,135,,0.1603931486606598
,136,,0.18482796847820282
,137,,0.15193942189216614
,138,,0.17431898415088654
,139,,0.20733170211315155
,140,,0.15661433339118958
,141,,0.14949946105480194
,142,,0.159077450633049
,143,,0.1590116173028946
,144,,0.21047070622444153
,145,,0.2932358384132385
,146,,0.1598590910434723
,147,,0.15478597581386566
,148,,0.1578851342201233
,149,,0.15634077787399292
,150,,0.19376784563064575
,151,,0.1580866575241089
,152,,0.202381893992424
,153,,0.14915014803409576
,154,,0.19388242065906525
,155,,0.1942533552646637
,156,,0.2017587274312973
,157,,0.20848824083805084
,158,,0.16175207495689392
,159,,0.1617824286222458
,160,,0.19034434854984283
,161,,0.18286919593811035
,162,,0.19471414387226105
,163,,0.21916599571704865
,164,,0.1562863439321518
,165,,0.15785165131092072
,166,,0.18950936198234558
,167,,0.16127139329910278
,168,,0.1921273171901703
,169,,0.18788643181324005
,170,,0.15751004219055176
,171,,0.14587248861789703
,172,,0.15599828958511353
,173,,0.15658289194107056
,174,,0.15577664971351624
,175,,0.3019644021987915
,176,,0.16065765917301178
,177,,0.2884560227394104
,178,,0.15644849836826324
,179,,0.1372409462928772
,180,,0.18820936977863312
,181,,0.21050108969211578
,182,,0.16142937541007996
,183,,0.15571339428424835
,184,,0.178999662399292
,185,,0.20674221217632294
,186,,0.21595154702663422
,187,,0.18205013871192932
,188,,0.18066267669200897
,189,,0.15848995745182037
,190,,0.17888589203357697
,191,,0.22125975787639618
,192,,0.23708674311637878
,193,,0.20455826818943024
,194,,0.21075955033302307
,195,,0.16132088005542755
,196,,0.1878523826599121
,197,,0.16122835874557495
,198,,0.20276638865470886
,199,,0.16290730237960815
,200,,0.1571769118309021
,201,,0.19355542957782745
,202,,0.2019796073436737
,203,,0.18589504063129425
,204,,0.18389791250228882
,205,,0.16404469311237335
,206,,0.16546113789081573
,207,,0.21876651048660278
,208,,0.1483350396156311
,209,,0.15936589241027832
,210,,0.1617680937051773
,211,,0.2230890691280365
,212,,0.17912982404232025
,213,,0.16011054813861847
,214,,0.27347442507743835
,215,,0.1646643579006195
,216,,0.1585841178894043
,217,,0.19292409718036652
,218,,0.20319557189941406
,219,,0.14515599608421326
,220,,0.1596592366695404
,221,,0.145875945687294
,222,,0.1568257361650467
,223,,0.16005933284759521
,224,,0.1941262185573578
,225,,0.2432447075843811
,226,,0.15746325254440308
,227,,0.15790772438049316
,228,,0.16097503900527954
,229,,0.15750423073768616
,230,,0.18155166506767273
,231,,0.15701621770858765
,232,,0.16614559292793274
,233,,0.2890370786190033
,234,,0.1615157425403595
,235,,0.22531157732009888
,236,,0.16058659553527832
,237,,0.14865726232528687
,238,,0.15778346359729767
,239,,0.16051198542118073
,240,,0.15987074375152588
,241,,0.2137109339237213
,242,,0.18418057262897491
,243,,0.16282731294631958
,244,,0.20746245980262756
,245,,0.15622730553150177
,246,,0.20973628759384155
,247,,0.16143475472927094
,248,,0.1556953489780426
,249,,0.20210735499858856
,250,,0.18906299769878387
,251,,0.1605335921049118
,252,,0.1821269690990448
,253,,0.22708599269390106
,254,,0.15934310853481293
,255,,0.16371871531009674
,256,,0.1889885663986206
,257,,0.20512479543685913
,258,,0.1615023910999298
,259,,0.19818320870399475
,260,,0.15734978020191193
,261,,0.2984183728694916
,262,,0.2328765094280243
,263,,0.18789593875408173
,264,,0.16334541141986847
,265,,0.20449312031269073
,266,,0.20375119149684906
,267,,0.21854454278945923
,268,,0.16374334692955017
,269,,0.16585518419742584
,270,,0.18625254929065704
,271,,0.18895196914672852
,272,,0.19672274589538574
,273,,0.22121822834014893
,274,,0.21713706851005554
,275,,0.16391870379447937
,276,,0.18612061440944672
,277,,0.167680025100708
,278,,0.20723743736743927
,279,,0.2323000431060791
,280,,0.1625777631998062
,281,,0.21483932435512543
,282,,0.2070440649986267
,283,,0.16260617971420288
,284,,0.1597864031791687
,285,,0.17966300249099731
,286,,0.15615178644657135
,287,,0.15735629200935364
,288,,0.1583562046289444
,289,,0.19430702924728394
,290,,0.15894047915935516
,291,,0.16700367629528046
,292,,0.16040576994419098
,293,,0.2046857476234436
,294,,0.1796444058418274
,295,,0.15640857815742493
,296,,0.1579769402742386
,297,,0.19431743025779724
,298,,0.1842571347951889
,299,,0.16125138103961945
,300,,0.1875450611114502
,301,,0.18371425569057465
,302,,0.15948379039764404
,303,,0.15236790478229523
,304,,0.15705449879169464
,305,,0.21568186581134796
,306,,0.15641862154006958
,307,,0.15515737235546112
,308,,0.14266684651374817
,309,,0.1994490623474121
,310,,0.21004414558410645
,311,,0.1583530157804489
,312,,0.17732927203178406
,313,,0.15818223357200623
,314,,0.3065985441207886
,315,,0.1660373955965042
,316,,0.2095145732164383
,317,,0.15768885612487793
,318,,0.1930045485496521
,319,,0.15645262598991394
,320,,0.14859850704669952
,321,,0.1922682523727417
,322,,0.30823469161987305
,323,,0.15908518433570862
,324,,0.15260307490825653
,325,,0.20375460386276245
,326,,0.15993939340114594
,327,,0.18082888424396515
,328,,0.30368006229400635
,329,,0.15619343519210815
,330,,0.1970818042755127
,331,,0.1906583160161972
,332,,0.14594490826129913
,333,,0.21171055734157562
,334,,0.2155662178993225
,335,,0.21692703664302826
,336,,0.21897338330745697
,337,,0.15791398286819458
,338,,0.14925599098205566
,339,,0.211444690823555
,340,,0.20180857181549072
,341,,0.20935703814029694
,342,,0.17938022315502167
,343,,0.1577943116426468
,344,,0.15920372307300568
,345,,0.16577240824699402
,346,,0.14560917019844055
,347,,0.18869860470294952
,348,,0.1568984091281891
,349,,0.19839562475681305
,350,,0.2044464647769928
,351,,0.18844617903232574
,352,,0.1597760170698166
,353,,0.28230470418930054
,354,,0.21786709129810333
,355,,0.16201147437095642
,356,,0.17964445054531097
,357,,0.15932591259479523
,358,,0.18032851815223694
,359,,0.1530945599079132
,360,,0.18210303783416748
,361,,0.14792434871196747
,362,,0.29068997502326965
,363,,0.20131592452526093
,364,,0.2251279056072235
,365,,0.1662767380475998
,366,,0.19795918464660645
,367,,0.22171929478645325
,368,,0.15790313482284546
,369,,0.15992110967636108
,370,,0.1618974357843399
,371,,0.15238158404827118
,372,,0.21664825081825256
,373,,0.20236727595329285
,374,,0.1836021989583969
,375,,0.1771390587091446
,376,,0.19667859375476837
,377,,0.18894730508327484
,378,,0.15959657728672028
,379,,0.1555480808019638
,380,,0.22722119092941284
,381,,0.203167125582695
,382,,0.1565243899822235
,383,,0.1798037439584732
,384,,0.21366234123706818
,385,,0.1667272299528122
,386,,0.15837757289409637
,387,,0.1591455489397049
,388,,0.20162680745124817
,389,,0.2078065574169159
,390,,0.15715281665325165
,391,,0.14159061014652252
,392,,0.1613316386938095
,393,,0.195976123213768
,394,,0.15763142704963684
,395,,0.16182462871074677
,396,,0.2079504430294037
,397,,0.16046856343746185
,398,,0.23151230812072754
,399,,0.15985733270645142
,400,,0.16228044033050537
,401,,0.283892959356308
,402,,0.19080185890197754
,403,,0.15698257088661194
,404,,0.162998229265213
,405,,0.15738725662231445
,406,,0.22765013575553894
,407,,0.21762728691101074
,408,,0.22004729509353638
,409,,0.15802140533924103
,410,,0.13904143869876862
,411,,0.17134614288806915
,412,,0.15298554301261902
,413,,0.15527629852294922
,414,,0.3153614103794098
,415,,0.1562352329492569
,416,,0.16524246335029602
,417,,0.16159801185131073
,418,,0.18072938919067383
,419,,0.15762270987033844
,420,,0.16824187338352203
,421,,0.15645718574523926
,422,,0.3045898973941803
,423,,0.22081707417964935
,424,,0.1591162383556366
,425,,0.18934161961078644
,426,,0.16808997094631195
,427,,0.32147687673568726
,428,,0.3009520471096039
,429,,0.17997074127197266
,430,,0.15932807326316833
,431,,0.1999494582414627
,432,,0.21280792355537415
,433,,0.17503869533538818
,434,,0.1552860289812088
,435,,0.19765707850456238
,436,,0.205541729927063
,437,,0.15671087801456451
,438,,0.20183563232421875
,439,,0.1424524039030075
,440,,0.18075980246067047
,441,,0.16221493482589722
,442,,0.15486405789852142
,443,,0.15911898016929626
,444,,0.16686446964740753
,445,,0.14885635673999786
,446,,0.19025763869285583
,447,,0.1595102995634079
,448,,0.1905282586812973
,449,,0.2909102439880371
,450,,0.15811392664909363
,451,,0.3147350251674652
,452,,0.19334006309509277
,453,,0.2104308307170868
,454,,0.2250591367483139
,455,,0.18717122077941895
,456,,0.1569022238254547
,457,,0.1689053475856781
,458,,0.18573200702667236
,459,,0.2972366213798523
,460,,0.2035941779613495
,461,,0.22553707659244537
,462,,0.1974795162677765
,463,,0.2065456062555313
,464,,0.20830565690994263
,465,,0.21689479053020477
,466,,0.1568005532026291
,467,,0.19353580474853516
,468,,0.19074507057666779
,469,,0.15341734886169434
,470,,0.2944435477256775
,471,,0.23295624554157257
,472,,0.15786735713481903
,473,,0.15963739156723022
,474,,0.18701918423175812
,475,,0.2240709662437439
,476,,0.16097937524318695
,477,,0.15982399880886078
,478,,0.15679505467414856
,479,,0.19668041169643402
,480,,0.16014735400676727
,481,,0.23144924640655518
,482,,0.23105645179748535
,483,,0.16006429493427277
,484,,0.1795884519815445
,485,,0.15859635174274445
,486,,0.16000649333000183
,487,,0.1594352126121521
,488,,0.16614410281181335
,489,,0.15773585438728333
,490,,0.15431489050388336
,491,,0.21535281836986542
,492,,0.30926862359046936
,493,,0.22293809056282043
,494,,0.15750262141227722
,495,,0.2326839417219162
,496,,0.160580113530159
,497,,0.1600378006696701
,498,,0.16561856865882874
,499,,0.16321182250976562
,500,,0.29159945249557495
,501,,0.16255822777748108
,502,,0.22409023344516754
,503,,0.16247060894966125
,504,,0.20496216416358948
,505,,0.1911526769399643
,506,,0.16069920361042023
,507,,0.20018437504768372
,508,,0.2016454041004181
,509,,0.16348351538181305
,510,,0.20680801570415497
,511,,0.19761116802692413
,512,,0.18670548498630524
,513,,0.15676364302635193
,514,,0.18843865394592285
,515,,0.2040637731552124
,516,,0.1545698493719101
,517,,0.14576932787895203
,518,,0.159099742770195
,519,,0.16120071709156036
,520,,0.18886135518550873
,521,,0.27682924270629883
,522,,0.20427550375461578
,523,,0.1606011688709259
,524,,0.2249065339565277
,525,,0.15462204813957214
,526,,0.20442387461662292
,527,,0.20384915173053741
,528,,0.1647966355085373
,529,,0.15613436698913574
,530,,0.14339978992938995
,531,,0.28050655126571655
,532,,0.15489913523197174
,533,,0.18418952822685242
,534,,0.15819045901298523
,535,,0.21596278250217438
,536,,0.14083194732666016
,537,,0.1905982494354248
,538,,0.32086506485939026
,539,,0.16113699972629547
,540,,0.28816959261894226
,541,,0.15977734327316284
,542,,0.15307384729385376
,543,,0.1725694090127945
,544,,0.1609494686126709
,545,,0.1863226443529129
,546,,0.20442651212215424
,547,,0.16056305170059204
,548,,0.2109469324350357
,549,,0.17744667828083038
,550,,0.1669425070285797
,551,,0.1609935462474823
,552,,0.20468242466449738
,553,,0.17454609274864197
,554,,0.18197566270828247
,555,,0.1568973958492279
,556,,0.22326210141181946
,557,,0.16081097722053528
,558,,0.2255265861749649
,559,,0.18189452588558197
,560,,0.19597816467285156
,561,,0.16450004279613495
,562,,0.15613055229187012
,563,,0.2363036423921585
,564,,0.21395884454250336
,565,,0.16219393908977509
,566,,0.17230546474456787
,567,,0.16134104132652283
,568,,0.15628932416439056
,569,,0.15647435188293457
,570,,0.1567821353673935
,571,,0.1674809753894806
,572,,0.15664395689964294
,573,,0.16136719286441803
,574,,0.2813878655433655
,575,,0.15923920273780823
,576,,0.19259129464626312
,577,,0.17480935156345367
,578,,0.22631584107875824
,579,,0.14814813435077667
,580,,0.20444832742214203
,581,,0.15614403784275055
,582,,0.19387011229991913
,583,,0.20976819097995758
,584,,0.1935868114233017
,585,,0.19478802382946014
,586,,0.15778681635856628
,587,,0.18468406796455383
,588,,0.17754949629306793
,589,,0.181845024228096
,590,,0.21365223824977875
,591,,0.15127258002758026
,592,,0.22519534826278687
,593,,0.19053293764591217
,594,,0.16319559514522552
,595,,0.18540652096271515
,596,,0.1941574364900589
,597,,0.22862744331359863
,598,,0.2264687716960907
,599,,0.15427376329898834
,600,,0.31177452206611633
,601,,0.21616284549236298
,602,,0.2280048429965973
,603,,0.15822447836399078
,604,,0.1874140053987503
,605,,0.16198478639125824
,606,,0.15549243986606598
,607,,0.21362586319446564
,608,,0.1839744746685028
,609,,0.1995355486869812
,610,,0.1630113124847412
,611,,0.16180947422981262
,612,,0.14920836687088013
,613,,0.1904994249343872
,614,,0.22072647511959076
,615,,0.22268933057785034
,616,,0.20974557101726532
,617,,0.17905102670192719
,618,,0.16376885771751404
,619,,0.18749146163463593
,620,,0.14404164254665375
,621,,0.19676262140274048
,622,,0.16097518801689148
,623,,0.20673394203186035
,624,,0.18407413363456726
,625,,0.2250337153673172
,626,,0.1581212431192398
,627,,0.1546337902545929
,628,,0.15132839977741241
,629,,0.18183273077011108
,630,,0.14543238282203674
,631,,0.20598243176937103
,632,,0.15788277983665466
,633,,0.16097107529640198
,634,,0.19647397100925446
,635,,0.2843700349330902
,636,,0.1584417074918747
,637,,0.18286998569965363
,638,,0.2150743007659912
,639,,0.18619707226753235
,640,,0.1582532376050949
,641,,0.18753202259540558
,642,,0.16624094545841217
,643,,0.15861988067626953
,644,,0.15973109006881714
,645,,0.21659009158611298
,646,,0.16008776426315308
,647,,0.15203538537025452
,648,,0.1678137630224228
,649,,0.2102205753326416
,650,,0.15846505761146545
,651,,0.30767372250556946
,652,,0.20769309997558594
,653,,0.1614096611738205
,654,,0.15890245139598846
,655,,0.2304389625787735
,656,,0.18620894849300385
,657,,0.19107307493686676
,658,,0.1799907088279724
,659,,0.15910832583904266
,660,,0.1567230522632599
,661,,0.22039176523685455
,662,,0.1615671068429947
,663,,0.21870534121990204
,664,,0.16545197367668152
,665,,0.21102680265903473
,666,,0.1577748954296112
,667,,0.19115625321865082
,668,,0.1810574233531952
,669,,0.20089541375637054
,670,,0.1582036316394806
,671,,0.2980932295322418
,672,,0.16111911833286285
,673,,0.20172050595283508
,674,,0.15966619551181793
,675,,0.1577816903591156
,676,,0.13837231695652008
,677,,0.20238493382930756
,678,,0.18717855215072632
,679,,0.20985114574432373
,680,,0.18809626996517181
,681,,0.1599225252866745
,682,,0.1936114877462387
,683,,0.16293853521347046
,684,,0.20506389439105988
,685,,0.19067981839179993
,686,,0.1518649309873581
,687,,0.2124386578798294
,688,,0.1766989678144455
,689,,0.15819327533245087
,690,,0.30049389600753784
,691,,0.19410283863544464
,692,,0.3163989782333374
,693,,0.20635013282299042
,694,,0.177774116396904
,695,,0.20670734345912933
,696,,0.1720876842737198
,697,,0.20170380175113678
,698,,0.16280215978622437
,699,,0.1916348785161972
,700,,0.18015523254871368
,701,,0.15731927752494812
,702,,0.15858621895313263
,703,,0.20342028141021729
,704,,0.14547525346279144
,705,,0.204072967171669
,706,,0.15811318159103394
,707,,0.18698154389858246
,708,,0.1603592485189438
,709,,0.16080056130886078
,710,,0.14342406392097473
,711,,0.30551931262016296
,712,,0.20317472517490387
,713,,0.22662363946437836
,714,,0.18960316479206085
,715,,0.20154449343681335
,716,,0.21646355092525482
,717,,0.2066880762577057
,718,,0.14741402864456177
,719,,0.21213668584823608
,720,,0.2050136923789978
,721,,0.23199807107448578
,722,,0.15806640684604645
,723,,0.20360217988491058
,724,,0.231761634349823
,725,,0.1592186838388443
,726,,0.15861760079860687
,727,,0.1891058087348938
,728,,0.18911556899547577
,729,,0.15878762304782867
,730,,0.20478126406669617
,731,,0.17926381528377533
,732,,0.1872575879096985
,733,,0.31576797366142273
,734,,0.17997397482395172
,735,,0.1806342452764511
,736,,0.16072160005569458
,737,,0.14554613828659058
,738,,0.16132228076457977
,739,,0.16435778141021729
,740,,0.29141804575920105
,741,,0.19109322130680084
,742,,0.22821113467216492
,743,,0.16713298857212067
,744,,0.1696901023387909
,745,,0.18374671041965485
,746,,0.18228024244308472
,747,,0.15892110764980316
,748,,0.2250797301530838
,749,,0.22203843295574188
,750,,0.16002525389194489
,751,,0.16130876541137695
,752,,0.15899279713630676
,753,,0.19695372879505157
,754,,0.15911486744880676
,755,,0.16225358843803406
,756,,0.15695089101791382
,757,,0.316456139087677
,758,,0.15582573413848877
,759,,0.15729662775993347
,760,,0.2927773892879486
,761,,0.1761808693408966
,762,,0.18093228340148926
,763,,0.2998248338699341
,764,,0.1554533988237381
,765,,0.20277048647403717
,766,,0.20137479901313782
,767,,0.284925252199173
,768,,0.17425934970378876
,769,,0.163548544049263
,770,,0.20960013568401337
,771,,0.18792884051799774
,772,,0.1586216688156128
,773,,0.21141643822193146
,774,,0.2099970132112503
,775,,0.2127179652452469
,776,,0.15680095553398132
,777,,0.19105422496795654
,778,,0.15926514565944672
,779,,0.15992183983325958
,780,,0.16256208717823029
,781,,0.15563733875751495
,782,,0.1858145147562027
,783,,0.22846055030822754
,784,,0.15901973843574524
,785,,0.13959600031375885
,786,,0.18241973221302032
,787,,0.1853322684764862
,788,,0.15885527431964874
,789,,0.28823548555374146
,790,,0.18204990029335022
,791,,0.23173926770687103
,792,,0.1850249320268631
,793,,0.20615409314632416
,794,,0.21416226029396057
,795,,0.28243064880371094
,796,,0.20468701422214508
,797,,0.20702236890792847
,798,,0.18051894009113312
,799,,0.19756682217121124
,800,,0.1532888263463974
,801,,0.15975773334503174
,802,,0.16186857223510742
,803,,0.30875009298324585
,804,,0.20055140554904938
,805,,0.16063974797725677
,806,,0.15955860912799835
,807,,0.15621526539325714
,808,,0.15966500341892242
,809,,0.1617172211408615
,810,,0.21175414323806763
,811,,0.18950964510440826
,812,,0.18781909346580505
,813,,0.15610703825950623
,814,,0.16161634027957916
,815,,0.1821216344833374
,816,,0.18565091490745544
,817,,0.18405455350875854
,818,,0.16126829385757446
,819,,0.20004835724830627
,820,,0.18937113881111145
,821,,0.1565050482749939
,822,,0.15125074982643127
,823,,0.23788237571716309
,824,,0.1801927089691162
,825,,0.2134632021188736
,826,,0.163299560546875
,827,,0.1667431890964508
,828,,0.18065676093101501
,829,,0.21632495522499084
,830,,0.162835031747818
,831,,0.17980284988880157
,832,,0.20326749980449677
,833,,0.21450866758823395
,834,,0.3077749013900757
,835,,0.18834634125232697
,836,,0.15522632002830505
,837,,0.21314121782779694
,838,,0.15859438478946686
,839,,0.18170543015003204
,840,,0.14601436257362366
,841,,0.1678255945444107
,842,,0.15258337557315826
,843,,0.21395789086818695
,844,,0.19078214466571808
,845,,0.15851148962974548
,846,,0.1613834649324417
,847,,0.20511256158351898
,848,,0.2186513990163803
,849,,0.17809563875198364
,850,,0.141352117061615
,851,,0.2990424931049347
,852,,0.1805109977722168
,853,,0.15806853771209717
,854,,0.15989577770233154
,855,,0.1550181806087494
,856,,0.1593562811613083
,857,,0.15809191763401031
,858,,0.15573923289775848
,859,,0.15967604517936707
,860,,0.16133058071136475
,861,,0.2051655501127243
,862,,0.15603865683078766
,863,,0.2134295552968979
,864,,0.19529739022254944
,865,,0.1886773407459259
,866,,0.16012467443943024
,867,,0.20203900337219238
,868,,0.22671902179718018
,869,,0.17150312662124634
,870,,0.13985665142536163
,871,,0.20185308158397675
,872,,0.1516754925251007
,873,,0.16453498601913452
,874,,0.20671874284744263
,875,,0.14236761629581451
,876,,0.1556803435087204
,877,,0.18052412569522858
,878,,0.1599729359149933
,879,,0.1598823219537735
,880,,0.14320993423461914
,881,,0.17979572713375092
,882,,0.16263167560100555
,883,,0.30219340324401855
,884,,0.19290786981582642
,885,,0.168373703956604
,886,,0.1792249083518982
,887,,0.16128946840763092
,888,,0.15726454555988312
,889,,0.19889457523822784
,890,,0.19063647091388702
,891,,0.16726142168045044
,892,,0.19254234433174133
,893,,0.2899460792541504
,894,,0.20652344822883606
,895,,0.15731675922870636
,896,,0.1851169466972351
,897,,0.15766040980815887
,898,,0.31458035111427307
,899,,0.20177988708019257
,900,,0.15181653201580048
,901,,0.16059419512748718
,902,,0.16099940240383148
,903,,0.18985240161418915
,904,,0.21997909247875214
,905,,0.18836736679077148
,906,,0.19439609348773956
,907,,0.19069387018680573
,908,,0.14858776330947876
,909,,0.1392793357372284
,910,,0.16103313863277435
,911,,0.1925758719444275
,912,,0.18153803050518036
,913,,0.15593409538269043
,914,,0.20415657758712769
,915,,0.18166227638721466
,916,,0.1555783450603485
,917,,0.14858998358249664
,918,,0.16244927048683167
,919,,0.1904066950082779
,920,,0.3168087601661682
,921,,0.13987548649311066
,922,,0.22057053446769714
,923,,0.14367440342903137
,924,,0.30869466066360474
,925,,0.1682557761669159
,926,,0.16381171345710754
,927,,0.14831966161727905
,928,,0.1574922502040863
,929,,0.15813884139060974
,930,,0.18007877469062805
,931,,0.19478638470172882
,932,,0.14606301486492157
,933,,0.15975932776927948
,934,,0.15693245828151703
,935,,0.1481255441904068
,936,,0.15504240989685059
,937,,0.1854357272386551
,938,,0.14891615509986877
,939,,0.15111590921878815
,940,,0.1886448711156845
,941,,0.19662971794605255
,942,,0.24162881076335907
,943,,0.15553371608257294
,944,,0.20245201885700226
,945,,0.19826753437519073
,946,,0.16518943011760712
,947,,0.21169513463974
,948,,0.22209572792053223
,949,,0.15753822028636932
,950,,0.2783418893814087
,951,,0.20980209112167358
,952,,0.2156340777873993
,953,,0.18222422897815704
,954,,0.15318624675273895
,955,,0.3088383972644806
,956,,0.21409577131271362
,957,,0.2034429907798767
,958,,0.19587235152721405
,959,,0.22032546997070312
,960,,0.18799729645252228
,961,,0.18711502850055695
,962,,0.1598684936761856
,963,,0.22879329323768616
,964,,0.20612919330596924
,965,,0.21276214718818665
,966,,0.1598835438489914
,967,,0.1546732485294342
,968,,0.1562783420085907
,969,,0.23119303584098816
,970,,0.1873917430639267
,971,,0.188625767827034
,972,,0.1850842535495758
,973,,0.1828479915857315
,974,,0.18095068633556366
,975,,0.15583084523677826
,976,,0.1608305722475052
,977,,0.20471778512001038
,978,,0.16295407712459564
,979,,0.23670539259910583
,980,,0.1821359544992447
,981,,0.1797492951154709
,982,,0.21531322598457336
,983,,0.29283827543258667
,984,,0.1803402602672577
,985,,0.19132021069526672
,986,,0.21761687099933624
,987,,0.19386892020702362
,988,,0.192904531955719
,989,,0.15525822341442108
,990,,0.1488507091999054
,991,,0.2047189176082611
,992,,0.21556052565574646
,993,,0.15861617028713226
,994,,0.15948399901390076
,995,,0.18856112658977509
,996,,0.2042127549648285
,997,,0.295934796333313
,998,,0.17467109858989716
,999,,0.16212670505046844
,1000,,0.06249254196882248
,1001,,0.18110813200473785
,1002,,0.24952304363250732
,1003,,0.25898340344429016
,1004,,0.2053712159395218
,1005,,0.265912801027298
,1006,,0.22719314694404602
,1007,,0.26852086186408997
,1008,,0.24283096194267273
,1009,,0.07891643047332764
,1010,,0.22078987956047058
,1011,,0.26348623633384705
,1012,,0.16438454389572144
,1013,,0.04651806131005287
,1014,,0.05755196511745453
,1015,,0.2580743134021759
,1016,,0.05412053316831589
,1017,,0.18177522718906403
,1018,,0.049820542335510254
,1019,,0.16690604388713837
,1020,,0.2069922536611557
,1021,,0.1812572479248047
,1022,,0.1555536538362503
,1023,,0.18479740619659424
,1024,,0.049884263426065445
,1025,,0.20676159858703613
,1026,,0.0467013381421566
,1027,,0.15635795891284943
,1028,,0.04680876061320305
,1029,,0.08497799187898636
,1030,,0.17474739253520966
,1031,,0.08717701584100723
,1032,,0.05120474472641945
,1033,,0.16158267855644226
,1034,,0.19970427453517914
,1035,,0.1631002128124237
,1036,,0.04938886687159538
,1037,,0.19417835772037506
,1038,,0.05224159359931946
,1039,,0.18442726135253906
,1040,,0.23257695138454437
,1041,,0.07721446454524994
,1042,,0.06934414058923721
,1043,,0.23652352392673492
,1044,,0.19722703099250793
,1045,,0.25250786542892456
,1046,,0.18320301175117493
,1047,,0.18812331557273865
,1048,,0.05165104940533638
,1049,,0.1599741131067276
,1050,,0.18123024702072144
,1051,,0.18782973289489746
,1052,,0.16047261655330658
,1053,,0.24019207060337067
,1054,,0.23931241035461426
,1055,,0.04715429246425629
,1056,,0.18934766948223114
,1057,,0.07502179592847824
,1058,,0.2073344886302948
,1059,,0.23682963848114014
,1060,,0.18108713626861572
,1061,,0.07855666428804398
,1062,,0.18001210689544678
,1063,,0.2547314167022705
,1064,,0.220902219414711
,1065,,0.2329522669315338
,1066,,0.2235226333141327
,1067,,0.168477863073349
,1068,,0.06458019465208054
,1069,,0.06904055923223495
,1070,,0.05031786859035492
,1071,,0.04889291524887085
,1072,,0.20383338630199432
,1073,,0.1582842916250229
,1074,,0.04507414251565933
,1075,,0.2437376081943512
,1076,,0.24528762698173523
,1077,,0.2256859540939331
,1078,,0.2332526296377182
,1079,,0.16174393892288208
,1080,,0.2512645721435547
,1081,,0.1899476945400238
,1082,,0.2622692584991455
,1083,,0.19070860743522644
,1084,,0.2206033319234848
,1085,,0.17730051279067993
,1086,,0.07393204420804977
,1087,,0.1847020536661148
,1088,,0.16327117383480072
,1089,,0.0515681728720665
,1090,,0.21109221875667572
,1091,,0.16586726903915405
,1092,,0.2090204507112503
,1093,,0.1626850813627243
,1094,,0.054646026343107224
,1095,,0.1846586912870407
,1096,,0.2530377209186554
,1097,,0.17341579496860504
,1098,,0.20181381702423096
,1099,,0.08875838667154312
,1100,,0.15606984496116638
,1101,,0.19321292638778687
,1102,,0.2045963555574417
,1103,,0.1684076488018036
,1104,,0.18333952128887177
,1105,,0.18527458608150482
,1106,,0.16036473214626312
,1107,,0.2268352210521698
,1108,,0.1697741150856018
,1109,,0.057371024042367935
,1110,,0.16591206192970276
,1111,,0.22375273704528809
,1112,,0.2576054036617279
,1113,,0.16328491270542145
,1114,,0.23628699779510498
,1115,,0.07074491679668427
,1116,,0.1636641025543213
,1117,,0.17306138575077057
,1118,,0.24784354865550995
,1119,,0.07539357990026474
,1120,,0.2209172397851944
,1121,,0.16236306726932526
,1122,,0.16587157547473907
,1123,,0.21716274321079254
,1124,,0.050726015120744705
,1125,,0.08491688966751099
,1126,,0.05421698838472366
,1127,,0.2006763219833374
,1128,,0.1678319275379181
,1129,,0.04818003252148628
,1130,,0.26662448048591614
,1131,,0.1777423471212387
,1132,,0.2549154460430145
,1133,,0.2184246927499771
,1134,,0.2674356997013092
,1135,,0.1906617283821106
,1136,,0.05046017840504646
,1137,,0.18376341462135315
,1138,,0.0709802582859993
,1139,,0.18534702062606812
,1140,,0.15985704958438873
,1141,,0.16518235206604004
,1142,,0.1854681372642517
,1143,,0.16194351017475128
,1144,,0.24710963666439056
,1145,,0.22279436886310577
,1146,,0.24358277022838593
,1147,,0.19170381128787994
,1148,,0.18816980719566345
,1149,,0.05466201901435852
,1150,,0.27111363410949707
,1151,,0.26296117901802063
,1152,,0.16375668346881866
,1153,,0.06836117804050446
,1154,,0.16965264081954956
,1155,,0.24699081480503082
,1156,,0.054360076785087585
,1157,,0.18374276161193848
,1158,,0.2548551559448242
,1159,,0.19387288391590118
,1160,,0.16392254829406738
,1161,,0.2520429193973541
,1162,,0.07357754558324814
,1163,,0.24546824395656586
,1164,,0.2008131593465805
,1165,,0.15786321461200714
,1166,,0.04699509218335152
,1167,,0.19377650320529938
,1168,,0.16077619791030884
,1169,,0.07537703216075897
,1170,,0.1873604953289032
,1171,,0.2390361875295639
,1172,,0.06708558648824692
,1173,,0.25783130526542664
,1174,,0.19939272105693817
,1175,,0.20500966906547546
,1176,,0.22302955389022827
,1177,,0.049328334629535675
,1178,,0.08729864656925201
,1179,,0.21177074313163757
,1180,,0.050546467304229736
,1181,,0.18666395545005798
,1182,,0.17491434514522552
,1183,,0.16388840973377228
,1184,,0.23710033297538757
,1185,,0.19231975078582764
,1186,,0.16487537324428558
,1187,,0.04764438420534134
,1188,,0.19727253913879395
,1189,,0.19846248626708984
,1190,,0.07894153147935867
,1191,,0.18832729756832123
,1192,,0.19835485517978668
,1193,,0.05974673107266426
,1194,,0.1900121569633484
,1195,,0.23685257136821747
,1196,,0.16929271817207336
,1197,,0.17158518731594086
,1198,,0.06228777766227722
,1199,,0.08658488839864731
,1200,,0.08023389428853989
,1201,,0.07279384881258011
,1202,,0.16198104619979858
,1203,,0.16611248254776
,1204,,0.21477775275707245
,1205,,0.18435896933078766
,1206,,0.04988937824964523
,1207,,0.21981815993785858
,1208,,0.2437572032213211
,1209,,0.2373606562614441
,1210,,0.08166223019361496
,1211,,0.057890404015779495
,1212,,0.17340166866779327
,1213,,0.178336501121521
,1214,,0.1781815141439438
,1215,,0.16679175198078156
,1216,,0.1963363140821457
,1217,,0.16187024116516113
,1218,,0.17800740897655487
,1219,,0.05156921595335007
,1220,,0.173639178276062
,1221,,0.22671504318714142
,1222,,0.08355606347322464
,1223,,0.05042576789855957
,1224,,0.15775778889656067
,1225,,0.16519366204738617
,1226,,0.04713435471057892
,1227,,0.170521542429924
,1228,,0.20463164150714874
,1229,,0.16244320571422577
,1230,,0.19400709867477417
,1231,,0.24371017515659332
,1232,,0.1578092873096466
,1233,,0.22990798950195312
,1234,,0.16035662591457367
,1235,,0.17641963064670563
,1236,,0.061196692287921906
,1237,,0.1600441336631775
,1238,,0.16608241200447083
,1239,,0.1645793616771698
,1240,,0.19371478259563446
,1241,,0.23683224618434906
,1242,,0.25086137652397156
,1243,,0.08658279478549957
,1244,,0.06670578569173813
,1245,,0.07506833970546722
,1246,,0.1567297726869583
,1247,,0.15928548574447632
,1248,,0.23022723197937012
,1249,,0.09279520064592361
,1250,,0.1640462577342987
,1251,,0.22931025922298431
,1252,,0.20075738430023193
,1253,,0.05528218299150467
,1254,,0.08239825814962387
,1255,,0.10734719783067703
,1256,,0.07198362052440643
,1257,,0.08843235671520233
,1258,,0.26265692710876465
,1259,,0.19757671654224396
,1260,,0.05400272458791733
,1261,,0.20134322345256805
,1262,,0.2456313669681549
,1263,,0.24535289406776428
,1264,,0.15946069359779358
,1265,,0.1872270554304123
,1266,,0.06349242478609085
,1267,,0.0645071491599083
,1268,,0.22357600927352905
,1269,,0.15977495908737183
,1270,,0.26058530807495117
,1271,,0.1682990938425064
,1272,,0.07059242576360703
,1273,,0.262236624956131
,1274,,0.2395291030406952
,1275,,0.05165809765458107
,1276,,0.048178572207689285
,1277,,0.19172748923301697
,1278,,0.2428615540266037
,1279,,0.06725487112998962
,1280,,0.22973956167697906
,1281,,0.1719217449426651
,1282,,0.24323734641075134
,1283,,0.2561815679073334
,1284,,0.04802834615111351
,1285,,0.06824710965156555
,1286,,0.15658536553382874
,1287,,0.18974590301513672
,1288,,0.21392600238323212
,1289,,0.15906189382076263
,1290,,0.17992208898067474
,1291,,0.2334621101617813
,1292,,0.06785610318183899
,1293,,0.1951168030500412
,1294,,0.15820851922035217
,1295,,0.15976616740226746
,1296,,0.24278762936592102
,1297,,0.23239299654960632
,1298,,0.1974082589149475
,1299,,0.06357027590274811
,1300,,0.2233811914920807
,1301,,0.15827569365501404
,1302,,0.06312128901481628
,1303,,0.0808505117893219
,1304,,0.07793773710727692
,1305,,0.1803324967622757
,1306,,0.24280230700969696
,1307,,0.1889778971672058
,1308,,0.23000666499137878
,1309,,0.24601852893829346
,1310,,0.20107145607471466
,1311,,0.18621782958507538
,1312,,0.1609978973865509
,1313,,0.16637292504310608
,1314,,0.16357021033763885
,1315,,0.049847014248371124
,1316,,0.23916339874267578
,1317,,0.15658634901046753
,1318,,0.15689465403556824
,1319,,0.22394469380378723
,1320,,0.19316935539245605
,1321,,0.16535507142543793
,1322,,0.07054758071899414
,1323,,0.1830458641052246
,1324,,0.16489826142787933
,1325,,0.1686578243970871
,1326,,0.11052097380161285
,1327,,0.16495749354362488
,1328,,0.19474700093269348
,1329,,0.17057307064533234
,1330,,0.16691580414772034
,1331,,0.0540957935154438
,1332,,0.24596287310123444
,1333,,0.20565956830978394
,1334,,0.23345890641212463
,1335,,0.25967493653297424
,1336,,0.1958477646112442
,1337,,0.16606338322162628
,1338,,0.15766943991184235
,1339,,0.1655472218990326
,1340,,0.0932382196187973
,1341,,0.16846339404582977
,1342,,0.18558496236801147
,1343,,0.1719239354133606
,1344,,0.16330203413963318
,1345,,0.07842370122671127
,1346,,0.06653107702732086
,1347,,0.24777069687843323
,1348,,0.16366122663021088
,1349,,0.18244299292564392
,1350,,0.18899893760681152
,1351,,0.06157691776752472
,1352,,0.2510053515434265
,1353,,0.04997270181775093
,1354,,0.18328815698623657
,1355,,0.051846943795681
,1356,,0.1614820957183838
,1357,,0.20249363780021667
,1358,,0.18079422414302826
,1359,,0.16307565569877625
,1360,,0.20574279129505157
,1361,,0.2721010744571686
,1362,,0.22417956590652466
,1363,,0.2404111921787262
,1364,,0.24284985661506653
,1365,,0.2099437713623047
,1366,,0.19164225459098816
,1367,,0.2505944073200226
,1368,,0.25363680720329285
,1369,,0.16456985473632812
,1370,,0.18604540824890137
,1371,,0.053123295307159424
,1372,,0.20318098366260529
,1373,,0.045967210084199905
,1374,,0.2056845873594284
,1375,,0.23701977729797363
,1376,,0.17449216544628143
,1377,,0.04568970948457718
,1378,,0.17526376247406006
,1379,,0.2468339204788208
,1380,,0.17052282392978668
,1381,,0.07281455397605896
,1382,,0.06243830919265747
,1383,,0.08608976006507874
,1384,,0.05307042971253395
,1385,,0.06116735190153122
,1386,,0.1777275949716568
,1387,,0.1662391871213913
,1388,,0.2490466684103012
,1389,,0.16793526709079742
,1390,,0.1611166000366211
,1391,,0.15849198400974274
,1392,,0.260722815990448
,1393,,0.07032685726881027
,1394,,0.20427609980106354
,1395,,0.2629438042640686
,1396,,0.18046066164970398
,1397,,0.15980671346187592
,1398,,0.16115055978298187
,1399,,0.1652257889509201
,1400,,0.1773747056722641
,1401,,0.17064616084098816
,1402,,0.16469816863536835
,1403,,0.0555170513689518
,1404,,0.16189441084861755
,1405,,0.07199602574110031
,1406,,0.1591605842113495
,1407,,0.07878135144710541
,1408,,0.18113867938518524
,1409,,0.180598184466362
,1410,,0.24312567710876465
,1411,,0.06068579852581024
,1412,,0.1658165156841278
,1413,,0.23715853691101074
,1414,,0.19603769481182098
,1415,,0.22982117533683777
,1416,,0.1626536101102829
,1417,,0.2401358038187027
,1418,,0.18199382722377777
,1419,,0.15508131682872772
,1420,,0.18830493092536926
,1421,,0.1646975427865982
,1422,,0.2590011954307556
,1423,,0.1559266448020935
,1424,,0.16536003351211548
,1425,,0.05525912344455719
,1426,,0.24715130031108856
,1427,,0.2171584814786911
,1428,,0.258210688829422
,1429,,0.2124529331922531
,1430,,0.0511714406311512
,1431,,0.0662982314825058
,1432,,0.07257470488548279
,1433,,0.18006616830825806
,1434,,0.18687769770622253
,1435,,0.24288390576839447
,1436,,0.07763605564832687
,1437,,0.15758609771728516
,1438,,0.1918318271636963
,1439,,0.156004399061203
,1440,,0.05236299708485603
,1441,,0.2320689857006073
,1442,,0.17255017161369324
,1443,,0.16148577630519867
,1444,,0.17471015453338623
,1445,,0.18809430301189423
,1446,,0.2748969495296478
,1447,,0.17802470922470093
,1448,,0.165627583861351
,1449,,0.1989881992340088
,1450,,0.09362011402845383
,1451,,0.2729683518409729
,1452,,0.24295292794704437
,1453,,0.22352585196495056
,1454,,0.226413756608963
,1455,,0.07991275191307068
,1456,,0.21709834039211273
,1457,,0.15500037372112274
,1458,,0.051665887236595154
,1459,,0.23624351620674133
,1460,,0.22960741817951202
,1461,,0.2273990958929062
,1462,,0.1749967634677887
,1463,,0.23296622931957245
,1464,,0.1623784452676773
,1465,,0.16172540187835693
,1466,,0.19191473722457886
,1467,,0.24271568655967712
,1468,,0.19405387341976166
,1469,,0.23707786202430725
,1470,,0.06721670925617218
,1471,,0.20120026171207428
,1472,,0.21685108542442322
,1473,,0.2598000764846802
,1474,,0.19004076719284058
,1475,,0.07339780032634735
,1476,,0.06540867686271667
,1477,,0.2150614857673645
,1478,,0.1633300930261612
,1479,,0.16610969603061676
,1480,,0.22710780799388885
,1481,,0.07260426133871078
,1482,,0.21157826483249664
,1483,,0.07252539694309235
,1484,,0.18635937571525574
,1485,,0.16483895480632782
,1486,,0.16626320779323578
,1487,,0.18131865561008453
,1488,,0.16245199739933014
,1489,,0.19811731576919556
,1490,,0.06792285293340683
,1491,,0.17020542919635773
,1492,,0.24677181243896484
,1493,,0.1622837781906128
,1494,,0.2758060395717621
,1495,,0.16336838901042938
,1496,,0.17491616308689117
,1497,,0.08773484826087952
,1498,,0.0487862192094326
,1499,,0.1605391800403595
,1500,,0.2513802945613861
,1501,,0.20617905259132385
,1502,,0.16762913763523102
,1503,,0.24963383376598358
,1504,,0.05137121304869652
,1505,,0.16946372389793396
,1506,,0.07363573461771011
,1507,,0.07767921686172485
,1508,,0.051301926374435425
,1509,,0.19359923899173737
,1510,,0.18081475794315338
,1511,,0.18806126713752747
,1512,,0.04855040833353996
,1513,,0.056913793087005615
,1514,,0.09336821734905243
,1515,,0.25188180804252625
,1516,,0.20266297459602356
,1517,,0.24765750765800476
,1518,,0.24410836398601532
,1519,,0.2421199381351471
,1520,,0.1647355556488037
,1521,,0.19647261500358582
,1522,,0.16925904154777527
,1523,,0.1581575870513916
,1524,,0.17061570286750793
,1525,,0.18681515753269196
,1526,,0.2268119901418686
,1527,,0.0719883069396019
,1528,,0.1859860122203827
,1529,,0.2568528950214386
,1530,,0.22986850142478943
,1531,,0.17437317967414856
,1532,,0.21631942689418793
,1533,,0.08421453088521957
,1534,,0.2508719861507416
,1535,,0.23911625146865845
,1536,,0.19700714945793152
,1537,,0.05312453955411911
,1538,,0.07590530812740326
,1539,,0.15445426106452942
,1540,,0.19339729845523834
,1541,,0.046518705785274506
,1542,,0.04888472706079483
,1543,,0.2201637625694275
,1544,,0.24951614439487457
,1545,,0.23594880104064941
,1546,,0.19069695472717285
,1547,,0.19720213115215302
,1548,,0.23968128859996796
,1549,,0.23548778891563416
,1550,,0.16427728533744812
,1551,,0.18939290940761566
,1552,,0.18427184224128723
,1553,,0.06860250234603882
,1554,,0.1637682169675827
,1555,,0.22673054039478302
,1556,,0.23633788526058197
,1557,,0.06588274240493774
,1558,,0.06839130073785782
,1559,,0.17612071335315704
,1560,,0.06333038210868835
,1561,,0.05185414478182793
,1562,,0.04480409994721413
,1563,,0.20548167824745178
,1564,,0.240991473197937
,1565,,0.18508096039295197
,1566,,0.22342677414417267
,1567,,0.047071803361177444
,1568,,0.16434623301029205
,1569,,0.24599167704582214
,1570,,0.18182852864265442
,1571,,0.17025640606880188
,1572,,0.16758127510547638
,1573,,0.21750685572624207
,1574,,0.2511916756629944
,1575,,0.247114896774292
,1576,,0.07160168141126633
,1577,,0.23968364298343658
,1578,,0.05460304394364357
,1579,,0.1838647723197937
,1580,,0.19093918800354004
,1581,,0.17750687897205353
,1582,,0.2546820044517517
,1583,,0.19187003374099731
,1584,,0.08432459086179733
,1585,,0.18600896000862122
,1586,,0.05434832349419594
,1587,,0.24263088405132294
,1588,,0.2175949066877365
,1589,,0.16304703056812286
,1590,,0.07073009014129639
,1591,,0.24721470475196838
,1592,,0.0471947118639946
,1593,,0.2109827697277069
,1594,,0.17575505375862122
,1595,,0.2425074726343155
,1596,,0.19458961486816406
,1597,,0.16341222822666168
,1598,,0.2470322698354721
,1599,,0.2666154205799103
,1600,,0.15684477984905243
,1601,,0.048322893679142
,1602,,0.25814205408096313
,1603,,0.19494234025478363
,1604,,0.16914327442646027
,1605,,0.2373834252357483
,1606,,0.05235731974244118
,1607,,0.24281899631023407
,1608,,0.07395033538341522
,1609,,0.08354547619819641
,1610,,0.23345404863357544
,1611,,0.1953754872083664
,1612,,0.23662708699703217
,1613,,0.19703523814678192
,1614,,0.07784818112850189
,1615,,0.20869643986225128
,1616,,0.24980378150939941
,1617,,0.23679596185684204
,1618,,0.1716632843017578
,1619,,0.20051215589046478
,1620,,0.15517497062683105
,1621,,0.06376568228006363
,1622,,0.25826314091682434
,1623,,0.17956002056598663
,1624,,0.18469412624835968
,1625,,0.16714289784431458
,1626,,0.17569777369499207
,1627,,0.19699734449386597
,1628,,0.04800916463136673
,1629,,0.1592124104499817
,1630,,0.1613726019859314
,1631,,0.17444364726543427
,1632,,0.06690149754285812
,1633,,0.0481700673699379
,1634,,0.17348536849021912
,1635,,0.16239987313747406
,1636,,0.16695454716682434
,1637,,0.20413054525852203
,1638,,0.2335631102323532
,1639,,0.07973860949277878
,1640,,0.2737525403499603
,1641,,0.05137372761964798
,1642,,0.07962018996477127
,1643,,0.08162808418273926
,1644,,0.190812885761261
,1645,,0.1904093474149704
,1646,,0.1716127246618271
,1647,,0.1903097778558731
,1648,,0.22107769548892975
,1649,,0.04948141425848007
,1650,,0.18864357471466064
,1651,,0.07988819479942322
,1652,,0.2577403485774994
,1653,,0.18714015185832977
,1654,,0.1861283779144287
,1655,,0.19690638780593872
,1656,,0.19250403344631195
,1657,,0.25817468762397766
,1658,,0.15625669062137604
,1659,,0.07258280366659164
,1660,,0.07844606041908264
,1661,,0.1576956957578659
,1662,,0.16061702370643616
,1663,,0.17604398727416992
,1664,,0.15613165497779846
,1665,,0.16558867692947388
,1666,,0.24605250358581543
,1667,,0.15833674371242523
,1668,,0.2434571087360382
,1669,,0.08621285110712051
,1670,,0.15993231534957886
,1671,,0.1738385707139969
,1672,,0.047677185386419296
,1673,,0.16254523396492004
,1674,,0.19851121306419373
,1675,,0.18669144809246063
,1676,,0.18876692652702332
,1677,,0.17254118621349335
,1678,,0.1725093126296997
,1679,,0.16096951067447662
,1680,,0.20419901609420776
,1681,,0.22353389859199524
,1682,,0.20122231543064117
,1683,,0.18088124692440033
,1684,,0.16148249804973602
,1685,,0.16417090594768524
,1686,,0.22053878009319305
,1687,,0.08130374550819397
,1688,,0.2398088425397873
,1689,,0.15595223009586334
,1690,,0.18104200065135956
,1691,,0.04562695324420929
,1692,,0.16446691751480103
,1693,,0.18432487547397614
,1694,,0.202576145529747
,1695,,0.07175003737211227
,1696,,0.183823823928833
,1697,,0.045605435967445374
,1698,,0.1756841391324997
,1699,,0.16124668717384338
,1700,,0.1892341673374176
,1701,,0.06292571127414703
,1702,,0.21097461879253387
,1703,,0.05043574422597885
,1704,,0.25299072265625
,1705,,0.16429953277111053
,1706,,0.17724913358688354
,1707,,0.20913730561733246
,1708,,0.16410969197750092
,1709,,0.16609875857830048
,1710,,0.26373934745788574
,1711,,0.16327939927577972
,1712,,0.1605479121208191
,1713,,0.18764233589172363
,1714,,0.08160192519426346
,1715,,0.2664510905742645
,1716,,0.18909218907356262
,1717,,0.1862349659204483
,1718,,0.2396407276391983
,1719,,0.05113865062594414
,1720,,0.1583395004272461
,1721,,0.07426076382398605
,1722,,0.05049767717719078
,1723,,0.20086897909641266
,1724,,0.16617093980312347
,1725,,0.07470500469207764
,1726,,0.2332291454076767
,1727,,0.17337657511234283
,1728,,0.16880245506763458
,1729,,0.26104873418807983
,1730,,0.2082800716161728
,1731,,0.05410318449139595
,1732,,0.17978398501873016
,1733,,0.2107957899570465
,1734,,0.08484521508216858
,1735,,0.2512874901294708
,1736,,0.21543172001838684
,1737,,0.20384158194065094
,1738,,0.18432623147964478
,1739,,0.23013900220394135
,1740,,0.16584299504756927
,1741,,0.2509499192237854
,1742,,0.24985289573669434
,1743,,0.08188540488481522
,1744,,0.264997273683548
,1745,,0.1639447659254074
,1746,,0.16723576188087463
,1747,,0.1655963510274887
,1748,,0.20230630040168762
,1749,,0.22325684130191803
,1750,,0.24518439173698425
,1751,,0.2528560161590576
,1752,,0.2610560655593872
,1753,,0.1603529304265976
,1754,,0.18289072811603546
,1755,,0.06331837177276611
,1756,,0.07252063602209091
,1757,,0.16917462646961212
,1758,,0.24270915985107422
,1759,,0.15871849656105042
,1760,,0.1558658927679062
,1761,,0.21494117379188538
,1762,,0.24683517217636108
,1763,,0.18652701377868652
,1764,,0.19065532088279724
,1765,,0.17238201200962067
,1766,,0.2432267665863037
,1767,,0.15704816579818726
,1768,,0.1764398068189621
,1769,,0.06875639408826828
,1770,,0.1696225255727768
,1771,,0.1719706505537033
,1772,,0.25710442662239075
,1773,,0.07017794251441956
,1774,,0.16625039279460907
,1775,,0.04954628646373749
,1776,,0.07446301728487015
,1777,,0.19001133739948273
,1778,,0.15943396091461182
,1779,,0.24924302101135254
,1780,,0.1894184947013855
,1781,,0.2477816343307495
,1782,,0.053883668035268784
,1783,,0.21437743306159973
,1784,,0.16218911111354828
,1785,,0.18799307942390442
,1786,,0.16403047740459442
,1787,,0.07918932288885117
,1788,,0.18772660195827484
,1789,,0.2507758140563965
,1790,,0.046757765114307404
,1791,,0.0808318629860878
,1792,,0.20114095509052277
,1793,,0.2034745067358017
,1794,,0.07785031199455261
,1795,,0.06314712017774582
,1796,,0.26353514194488525
,1797,,0.155543714761734
,1798,,0.05052822455763817
,1799,,0.047635767608881
,1800,,0.16188062727451324
,1801,,0.20061363279819489
,1802,,0.1571018397808075
,1803,,0.24366600811481476
,1804,,0.05005917698144913
,1805,,0.07785741984844208
,1806,,0.19389569759368896
,1807,,0.06824041157960892
,1808,,0.18545229732990265
,1809,,0.053321368992328644
,1810,,0.19860877096652985
,1811,,0.053761519491672516
,1812,,0.18798068165779114
,1813,,0.05506804212927818
,1814,,0.1843501180410385
,1815,,0.1558958888053894
,1816,,0.06568244844675064
,1817,,0.20122958719730377
,1818,,0.161375492811203
,1819,,0.23993289470672607
,1820,,0.07835561037063599
,1821,,0.23017773032188416
,1822,,0.16188590228557587
,1823,,0.15517060458660126
,1824,,0.16655835509300232
,1825,,0.2590685486793518
,1826,,0.07917866110801697
,1827,,0.18786662817001343
,1828,,0.06357406079769135
,1829,,0.16012515127658844
,1830,,0.20273007452487946
,1831,,0.164650559425354
,1832,,0.25073927640914917
,1833,,0.15864770114421844
,1834,,0.2356572300195694
,1835,,0.20408698916435242
,1836,,0.21566826105117798
,1837,,0.16160519421100616
,1838,,0.06924275308847427
,1839,,0.19853898882865906
,1840,,0.05067642778158188
,1841,,0.15822143852710724
,1842,,0.17221316695213318
,1843,,0.18636396527290344
,1844,,0.2169782668352127
,1845,,0.19286757707595825
,1846,,0.22991928458213806
,1847,,0.07678179442882538
,1848,,0.16414158046245575
,1849,,0.18508560955524445
,1850,,0.04872196912765503
,1851,,0.19899038970470428
,1852,,0.047299329191446304
,1853,,0.21772296726703644
,1854,,0.16056904196739197
,1855,,0.19657406210899353
,1856,,0.16614316403865814
,1857,,0.2372872531414032
,1858,,0.22075192630290985
,1859,,0.18759874999523163
,1860,,0.16702651977539062
,1861,,0.2762811779975891
,1862,,0.245930477976799
,1863,,0.15708157420158386
,1864,,0.1714225858449936
,1865,,0.23984500765800476
,1866,,0.080002561211586
,1867,,0.15932705998420715
,1868,,0.23046649992465973
,1869,,0.19594497978687286
,1870,,0.05223983898758888
,1871,,0.16150103509426117
,1872,,0.18320722877979279
,1873,,0.2333248108625412
,1874,,0.1922033578157425
,1875,,0.17817740142345428
,1876,,0.1770375818014145
,1877,,0.1871117800474167
,1878,,0.18244990706443787
,1879,,0.20514018833637238
,1880,,0.15934786200523376
,1881,,0.17238394916057587
,1882,,0.16143235564231873
,1883,,0.2617604732513428
,1884,,0.06786941736936569
,1885,,0.18201644718647003
,1886,,0.1763560026884079
,1887,,0.2057899832725525
,1888,,0.22961266338825226
,1889,,0.05127476155757904
,1890,,0.23943981528282166
,1891,,0.09146421402692795
,1892,,0.15880201756954193
,1893,,0.17908179759979248
,1894,,0.09558471292257309
,1895,,0.05276406556367874
,1896,,0.1577325463294983
,1897,,0.06620809435844421
